Metric,Comp Avg, Debug Avg, Comp Median, Debug Median, W-statistic,p-value, cliff_delta
Average_duration_of_fixations,3028.374645330599, 6558.703266467681, 3027.5, 6622.5, 595.0,5.820766091346741e-11, 1.0
Average_pupil_diameter,59.58369933683211, 126.37298204255812, 59.91480409090909, 126.22574999999999, 595.0,5.820766091346741e-11, 1.0
Duration_of_first_fixation,2863.049043486734, 6198.911172345985, 2942.7947431302273, 6129.694444444444, 595.0,5.820766091346741e-11, 1.0
Number_of_fixations,370.3529411764706, 953.5588235294117, 318.5, 817.0, 590.0,5.820766091346741e-10, 0.7915224913494809
Time_to_first_fixation,228114.92602555442, 356661.28983023023, 197758.54545454547, 345946.2658821383, 531.0,8.61327862367034e-06, 0.6089965397923875
Total_duration_of_fixations,85228.55882352941, 210981.61764705883, 70339.5, 182915.0, 586.0,1.9208528101444244e-09, 0.7352941176470589
