Metric,Comp Avg, Debug Avg, Comp Median, Debug Median, W-statistic,p-value, cliff_delta
Average_duration_of_fixations,216.31247466647136, 218.62344221558936, 216.25, 220.75, 344.0,0.21823561488417909, 0.04152249134948097
Average_pupil_diameter,4.2559785240594366, 4.212432734751937, 4.279628863636363, 4.207525, 112.0,0.999515418894589, -0.05536332179930796
Duration_of_first_fixation,1431.524521743367, 1549.7277930864961, 1471.3973715651136, 1532.423611111111, 449.0,0.004294524493161589, 0.25259515570934254
Number_of_fixations,185.1764705882353, 238.38970588235293, 159.25, 204.25, 482.0,0.0005576424882747233, 0.29238754325259514
Time_to_first_fixation,114057.4630127772, 89165.32245755756, 98879.27272727274, 86486.56647053458, 180.0,0.9786918095778674, -0.14705882352941177
Total_duration_of_fixations,42614.279411764706, 52745.404411764706, 35169.75, 45728.75, 458.0,0.0025820889859460294, 0.20761245674740483
