Metric,Java Avg, Python Avg, Java Median, Python Median, U-statistic,p-value, cliff_delta
Average_duration_of_fixations,6502.128926442862, 6500.40558724709, 6371.444444444444, 6530.331746031747, 104.0,0.5260982598822899, -0.009523809523809525
Average_pupil_diameter,120.901687116135, 127.61440054846398, 121.8453725396825, 129.33690605820104, 82.0,0.8474655946885568, -0.21904761904761905
Duration_of_first_fixation,6225.664309950906, 6156.719907325957, 6173.388888888889, 5835.5, 116.0,0.3233837020027341, 0.10476190476190476
Number_of_fixations,983.6, 865.0, 848.0, 768.0, 122.0,0.23572585341946345, 0.1619047619047619
Time_to_first_fixation,341592.74056842364, 381210.02586454205, 326035.0, 362093.0547710272, 89.0,0.7642741465805365, -0.1523809523809524
Total_duration_of_fixations,217227.86666666667, 193273.92857142858, 183032.0, 180453.5, 113.0,0.3717103488476262, 0.0761904761904762
