Metric,AOI,Syn Avg, Sem Avg, Syn Median, Sem Median, W-statistic,p-value, cliff_delta
Average_duration_of_fixations,BugIsHere,248.64433551198255, 213.37831439393938, 247.25, 219.5, 513.0,4.8610614612698555e-05, 0.3866782006920415
Average_pupil_diameter,BugIsHere,4.3096222167756, 4.204915416666665, 4.338325, 4.199715, 460.0,0.0022954594460316002, 0.08650519031141868
Duration_of_first_fixation,BugIsHere,281.63235294117646, 181.00946969696972, 254.5, 166.90625, 564.0,1.382431946694851e-07, 0.6012110726643599
Number_of_fixations,BugIsHere,22.794117647058822, 45.544117647058826, 15.75, 37.5, 67.5,0.9999894122011028, -0.5588235294117647
Time_to_first_fixation,BugIsHere,20932.746187363835, 17004.225852272728, 18052.49074074074, 16434.9765625, 409.0,0.028521952917799354, 0.24740484429065743
Total_duration_of_fixations,BugIsHere,5254.39705882353, 9920.441176470587, 3728.75, 7944.25, 69.0,0.9999870345345698, -0.5173010380622838
